{"query_time_annotations": [{"start_time": 102.745396825, "end_time": 103.944126984, "id": 1, "type": "occurrence"}, {"start_time": 177.696507937, "end_time": 179.17968254000002, "id": 1}, {"start_time": 262.521904762, "end_time": 263.761269841, "id": 1}], "target_time_annotations": [{"start_time": 0.505034014, "end_time": 1.602176871, "id": 1, "type": "occurrence"}], "target_track_id": "T088", "query_track_id": "T086", "sample_id": "S052", "description": "L1 presence"}