{"S081": [[14.280272109, 23.231564626]], "S109": [[0.014512472, 9.54920635]], "S128": [[27.167346939, 35.665850340000006]], "S006": [[0.0, 1.34675737]], "S005": [[0.0, 9.93814059]], "S014": [[0.0, 21.420408163]], "S069": [[0.208979592, 14.814331066000001]], "S052": [[102.745396825, 103.944126984]], "S058": [[0.014512472, 2.3510204089999998]], "S101": [[22.770068027, 24.671201814]], "S125": [[12.654875283, 15.296145124]], "S017": [[10.292244898, 12.434285714]], "S015": [[0.014512472, 12.959637189]], "S057": [[0.004353741, 1.166802721]], "S009": [[0.046439909, 3.784852607]], "S055": [[0.013061224, 0.561632653]], "S019": [[0.026122449, 8.803265306]], "S041": [[13.142494331, 24.42739229]], "S027": [[0.02031746, 9.142857142999999]], "S042": [[0.0, 0.213333333]], "S035": [[0.026122449, 6.138775509999999]], "S002": [[3.274013605, 20.665759637]], "S012": [[44.53877551, 53.446530612000004]], "S020": [[0.046439909, 2.414875283]], "S106": [[135.340408163, 153.129795918]], "S060": [[0.014512472, 8.359183674]], "S079": [[0.287346939, 2.977959184]], "S008": [[5.799183673, 15.934693876999999]], "S022": [[26.145668934, 28.235464852]], "S049": [[0.013061224, 11.937959183]], "S037": [[63.251156463, 63.669115647]], "S078": [[39.484081633, 40.894693878000005]], "S046": [[15.220680272, 15.865034012999999]], "S094": [[15.986938776, 22.844081633000002]], "S136": [[0.493424036, 5.514739229000001]], "S048": [[0.246712018, 2.5034013600000002]], "S084": [[0.0, 0.99845805]], "S116": [[0.0, 4.466938776]], "S126": [[53.106938776, 56.825034013999996]], "S021": [[0.040634921, 1.9911111110000002]], "S122": [[32.235102041, 38.191020408]], "S113": [[132.655600907, 137.531791383]], "S080": [[5.433469388, 15.934693878000001]], "S114": [[0.101587302, 2.275555556]], "S092": [[0.0, 7.111111111]], "S067": [[0.069659864, 54.265034014]], "S124": [[0.02031746, 10.321269841]], "S091": [[16.4861678, 17.052154195]], "S038": [[1.532517007, 25.460680271999998]], "S131": [[20.622222222, 31.613968254]], "S089": [[63.285986395, 67.674557824]], "S051": [[0.0, 20.13170068]], "S120": [[0.023219955, 5.549569161]], "S016": [[0.0, 37.291247166]], "S054": [[0.029024943, 3.076643991]], "S082": [[113.044897959, 113.586938775]], "S040": [[19.086802721, 23.312834467000002]], "S103": [[0.47600907, 0.684988662]], "S047": [[2.902494331, 7.169160998000001]], "S045": [[0.026122449, 0.365714286]], "S010": [[0.046439909, 6.733786848]], "S068": [[0.0, 15.905668934]], "S064": [[0.0, 15.888253968]], "S073": [[0.0, 2.844444444]], "S098": [[0.026122449, 5.355102040999999]], "S050": [[0.0, 5.526349206]], "S044": [[0.046439909, 7.616145124]], "S130": [[0.017414966, 5.851428571]], "S013": [[0.0, 10.866938776]], "S086": [[1.451247166, 5.892063493]], "S123": [[0.0, 0.957823129]], "S004": [[0.0, 37.523446712]], "S007": [[0.0, 0.391836735]], "S030": [[0.0, 2.844444444]], "S023": [[2.554195011, 12.445895691]], "S062": [[0.0, 5.456689342]], "S072": [[60.517006803, 65.320634921]], "S018": [[0.092879819, 18.390204082]], "S036": [[0.0, 9.89170068]], "S107": [[135.340408163, 137.926530612]], "S003": [[34.394557823, 55.785941043]], "S033": [[0.0, 11.911836735]], "S028": [[0.233650794, 2.56]], "S112": [[0.0, 9.543401361]], "S025": [[39.857052154, 40.954195011]], "S056": [[0.02031746, 2.3161904759999996]], "S001": [[0.914285714, 4.680272109000001]], "S121": [[0.17414966, 5.659863946000001]], "S043": [[0.0, 5.764353741]], "S104": [[0.0, 2.681904762]], "S135": [[58.984489796, 61.544489796]], "S071": [[0.0, 7.523265306]], "S137": [[44.640362812, 48.965079365]], "S127": [[13.618503401, 15.046530612]], "S083": [[0.116099773, 56.656689342]], "S039": [[0.046439909, 21.826757369]], "S115": [[0.029024943, 11.726077097]], "S063": [[0.325079365, 5.619229025]], "S031": [[6.269387755, 20.688979592000003]], "S061": [[0.046439909, 10.774058957]],  "S024": [[0.0, 4.612063492]]}